0.01666666666667,4.07316493988037,0.62787318229675,6.2327675819397,0.03499997034669,-2.13623404502869,0.0
0.03333333333333,4.12127208709717,0.62787318229675,6.20030307769775,0.03749997168779,-2.16373419761658,0.0
0.05,4.16132020950317,0.62787318229675,6.17327690124512,0.0399999730289,-2.18623423576355,0.0
0.06666666666667,4.19330978393555,0.62787318229675,6.15168952941895,0.04499996826053,-2.2037341594696,0.0
0.08333333333333,4.21724033355713,0.62787318229675,6.13554048538208,0.04499996453524,-2.22873425483704,0.0
0.1,4.23311185836792,0.62787318229675,6.12482976913452,0.04499996080995,-2.27123427391052,0.0
0.11666666666667,4.24092483520508,0.62787318229675,6.11955738067627,0.04499995708466,-2.32123422622681,0.0
0.13333333333333,4.24092483520508,0.62787318229675,6.11955738067627,0.04749996215105,-2.37873411178589,0.0
0.15,4.24092483520508,0.62787318229675,6.11955738067627,0.04749996215105,-2.42623424530029,0.0
0.16666666666667,4.24092483520508,0.62787318229675,6.11955738067627,0.04749996215105,-2.45123434066772,0.0
0.18333333333333,4.24092483520508,0.62787318229675,6.11955738067627,0.04249995946884,-2.46123433113098,0.0
0.2,4.24092483520508,0.62787318229675,6.11955738067627,0.03249995782971,-2.46123433113098,0.0
0.21666366666667,4.24092483520508,0.62787318229675,6.11955738067627,0.03249995782971,-2.46123433113098,0.0
0.23333033333333,4.24529361724854,0.62787318229675,6.12495565414429,0.03249995782971,-2.46123433113098,0.0
0.24979166666667,4.25228309631348,0.62787318229675,6.13359308242798,0.03249995782971,-2.46123433113098,0.0
0.26631166666667,4.26189374923706,0.62787318229675,6.14546918869019,0.03249995782971,-2.46123433113098,0.0
0.28297833333333,4.27412557601929,0.62787318229675,6.16058444976807,0.03249995782971,-2.46123433113098,0.0
0.299645,4.28897857666016,0.62787318229675,6.17893838882446,0.03249995782971,-2.46123433113098,0.0
0.31627966666667,4.30645275115967,0.62787318229675,6.20053148269653,0.03249995782971,-2.46123433113098,0.0
0.33294633333333,4.32654809951782,0.62787318229675,6.22536325454712,0.03249995782971,-2.46123433113098,0.0
0.349613,4.34926462173462,0.62787318229675,6.25343418121338,0.03249995782971,-2.46123433113098,0.0
0.36627966666667,4.37460231781006,0.62787318229675,6.28474378585815,0.03249995782971,-2.46123433113098,0.0
0.38294633333333,4.40260601043701,0.62787318229675,6.31925582885742,0.03499996289611,-2.45873427391052,0.0
0.399613,4.43263292312622,0.62787318229675,6.3559832572937,0.04749996215105,-2.45623445510864,0.0
0.41627966666667,4.46168613433838,0.62787318229675,6.39151954650879,0.0799999460578,-2.45623445510864,0.0
0.43294633333333,4.48981428146362,0.62787318229675,6.42592430114746,0.08749992400408,-2.45623445510864,0.0
0.449613,4.51706314086914,0.62787318229675,6.45925378799438,0.09249992668629,-2.45623445510864,0.0
0.46627966666667,4.54347705841064,0.62787318229675,6.4915623664856,0.09249992668629,-2.45623445510864,0.0
0.48294633333333,4.56894111633301,0.62787318229675,6.52302837371826,0.0974999293685,-2.46123433113098,0.0
0.499613,4.59357976913452,0.62787318229675,6.55363035202026,0.0974999293685,-2.46373438835144,0.0
0.51627966666667,4.61706018447876,0.62787318229675,6.58370685577393,0.09999992698431,-2.47873425483704,0.0
0.53294633333333,4.63936471939087,0.62787318229675,6.61333131790161,0.09999992698431,-2.49623441696167,0.0
0.55100188888889,4.66018104553223,0.62787318229675,6.64277791976929,0.09999992698431,-2.52623438835144,0.0
0.56893533333333,4.67886304855347,0.62787318229675,6.67238807678223,0.09999992698431,-2.57873439788818,0.0
0.58699088888889,4.69600057601929,0.62787318229675,6.70178079605103,0.09999992698431,-2.61373448371887,0.0
0.60365755555556,4.71165418624878,0.62787318229675,6.73092699050903,0.09999992698431,-2.64873433113098,0.0
0.62171311111111,4.72584295272827,0.62787318229675,6.7599024772644,0.09999992698431,-2.68623447418213,0.0
0.63976866666667,4.73816061019897,0.62787318229675,6.78880548477173,0.09999992698431,-2.73873448371887,0.0
0.65782422222222,4.74952793121338,0.62787318229675,6.81723642349243,0.09999992698431,-2.76123428344727,0.0
0.680855,4.77072811126709,0.62787318229675,6.87307405471802,0.09999992698431,-2.7787344455719,0.0
0.69891055555556,4.78046083450317,0.62787318229675,6.90034055709839,0.09999992698431,-2.79873442649841,0.0
0.71696611111111,4.78923416137695,0.62787318229675,6.92723178863525,0.09999992698431,-2.82623434066772,0.0
0.73371733333333,4.79721832275391,0.62787318229675,6.95371103286743,0.09999992698431,-2.8487343788147,0.0
0.75177288888889,4.80465316772461,0.62787318229675,6.97977590560913,0.10249991714954,-2.86373448371887,0.0
0.76982844444444,4.8117413520813,0.62787318229675,7.00535106658936,0.10249991714954,-2.87123441696167,0.0
0.787884,4.81824684143066,0.62787318229675,7.03052854537964,0.10749991238117,-2.88873434066772,0.0
0.810254,4.82406902313232,0.62787318229675,7.05535364151001,0.10999990999699,-2.9112343788147,0.0
0.82830955555556,4.82951307296753,0.62787318229675,7.07965707778931,0.10999990999699,-2.92123436927795,0.0
0.850896,4.83996725082397,0.62787318229675,7.12744569778442,0.1124999076128,-2.92623448371887,0.0
0.871682,4.84490585327148,0.62787318229675,7.15086221694946,0.1124999076128,-2.93373441696167,0.0
0.891012,4.84946346282959,0.62787318229675,7.17389392852783,0.11999989300966,-2.94623446464539,0.0
0.912402,4.85366106033325,0.62787318229675,7.19659233093262,0.11999988555908,-2.95873427391052,0.0
0.933753,4.8613486289978,0.62787318229675,7.24127960205078,0.12249989062548,-2.97123432159424,0.0
0.956301,4.86507225036621,0.62787318229675,7.2632532119751,0.12249989062548,-2.9737343788147,0.0
0.982157,4.87228393554688,0.62787318229675,7.30646896362305,0.12249989062548,-2.97623443603516,0.0
1.005974,4.88005304336548,0.62787318229675,7.32535266876221,0.12249989062548,-2.97873425483704,0.0
1.02819622222222,4.89159393310547,0.62787318229675,7.34165668487549,0.12499988824129,-2.99123430252075,0.0
1.05041844444444,4.92331886291504,0.62787318229675,7.36785221099854,0.12499988824129,-2.99623441696167,0.0
1.074367,4.93957376480103,0.62787318229675,7.38046884536743,0.13499991595745,-3.01623439788818,0.0
1.097043,4.95535469055176,0.62787318229675,7.39323139190674,0.13749991357327,-3.0362343788147,0.0
1.120972,4.9858922958374,0.62787318229675,7.41921710968018,0.13749991357327,-3.06123447418213,0.0
1.144944,5.00071668624878,0.62787318229675,7.43235158920288,0.13999989628792,-3.08123445510864,0.0
1.170636,5.02970027923584,0.62787318229675,7.45868539810181,0.14499990642071,-3.09373426437378,0.0
1.19355266666667,5.04396057128906,0.62787318229675,7.47177314758301,0.14749988913536,-3.0987343788147,0.0
1.21418833333333,5.05795431137085,0.62787318229675,7.48487615585327,0.14999990165234,-3.10873436927795,0.0
1.23691560606061,5.08525609970093,0.62787318229675,7.51135206222534,0.15249989926815,-3.12623429298401,0.0
1.25964287878788,5.09852695465088,0.62787318229675,7.52474689483643,0.15249986946583,3.13695096969604,0.0
1.280855,5.1115927696228,0.62787318229675,7.53813409805298,0.1574998497963,3.12945103645325,0.0
1.30358227272727,5.13720846176147,0.62787318229675,7.56504487991333,0.15999981760979,3.11695098876953,0.0
1.32630954545455,5.14985990524292,0.62787318229675,7.57846927642822,0.16249983012676,3.11195087432861,0.0
1.34600766666667,5.16222667694092,0.62787318229675,7.59199237823486,0.16249983012676,3.09695100784302,0.0
1.36873493939394,5.18642139434814,0.62787318229675,7.61925983428955,0.16499981284142,3.08195090293884,0.0
1.38795466666667,5.19827747344971,0.62787318229675,7.63296318054199,0.16999982297421,3.06945085525513,0.0
1.40531166666667,5.20987319946289,0.62787318229675,7.64677858352661,0.16999983787537,3.05445098876953,0.0
1.42610166666667,5.22096967697144,0.62787318229675,7.66090726852417,0.17499984800816,3.0219509601593,0.0
1.44326866666667,5.23180389404297,0.62787318229675,7.67513656616211,0.17499983310699,3.00695085525513,0.0
1.46418833333333,5.25260829925537,0.62787318229675,7.70407867431641,0.18249985575676,2.97945094108582,0.0
1.48502166666667,5.26278734207153,0.62787318229675,7.71861886978149,0.18249987065792,2.9669508934021,0.0
1.50470866666667,5.27274560928345,0.62787318229675,7.733229637146,0.18499986827374,2.95445108413696,0.0
1.52490566666667,5.28230285644531,0.62787318229675,7.74803447723389,0.18749986588955,2.92945098876953,0.0
1.54490566666667,5.29149436950684,0.62787318229675,7.76300096511841,0.1899998486042,2.90695095062256,0.0
1.56490566666667,5.30899429321289,0.62787318229675,7.79333543777466,0.19499982893467,2.87945103645325,0.0
1.58525333333333,5.31756734848022,0.62787318229675,7.80854511260986,0.19749981164932,2.86945104598999,0.0
1.60525333333333,5.32600259780884,0.62787318229675,7.82377624511719,0.19999980926514,2.86195087432861,0.0
1.6256237037037,5.32946538925171,0.62787318229675,7.83953142166138,0.20249983668327,2.85195088386536,0.0
1.64752166666667,5.32339668273926,0.62787318229675,7.87229871749878,0.20249983668327,2.84695100784302,0.0
1.66752166666667,5.31833696365356,0.62787318229675,7.88882160186768,0.20249982178211,2.84445095062256,0.0
1.68752166666667,5.3132472038269,0.62787318229675,7.90529680252075,0.20249983668327,2.8419508934021,0.0
1.70752166666667,5.30812644958496,0.62787318229675,7.92172622680664,0.20499983429909,2.83945107460022,0.0
1.72752166666667,5.30297422409058,0.62787318229675,7.93811178207397,0.20749984681606,2.83695101737976,0.0
1.74789203703704,5.29268884658813,0.62787318229675,7.97082471847534,0.20749984681606,2.83695101737976,0.0
1.76789203703704,5.28755474090576,0.62787318229675,7.98715305328369,0.20749984681606,2.83695101737976,0.0
1.78826240740741,5.28242874145508,0.62787318229675,8.00345611572266,0.20749984681606,2.83695101737976,0.0
1.80863277777778,5.27731037139893,0.62787318229675,8.01973438262939,0.20749984681606,2.83695101737976,0.0
1.82900314814815,5.27219915390015,0.62787318229675,8.03598880767822,0.20749984681606,2.83695101737976,0.0
1.84937351851852,5.26199102401733,0.62787318229675,8.06845569610596,0.20749984681606,2.83695101737976,0.0
1.86974388888889,5.25689315795898,0.62787318229675,8.08466815948486,0.20749984681606,2.83695101737976,0.0
1.891093,5.25180149078369,0.62787318229675,8.10086154937744,0.20749984681606,2.83695101737976,0.0
1.91146337037037,5.24667549133301,0.62787318229675,8.11702346801758,0.20499981939793,2.8344509601593,0.0
1.93183374074074,5.23659515380859,0.62787318229675,8.14936447143555,0.19249981641769,2.83945107460022,0.0
1.95921,5.23176240921021,0.62787318229675,8.16558074951172,0.17999982833862,2.85195088386536,0.0
1.981744,5.22259569168091,0.62787318229675,8.1981143951416,0.16749981045723,2.86695098876953,0.0
2.005902,5.21838331222534,0.62787318229675,8.21446514129639,0.15749983489513,2.8894510269165,0.0
2.02812422222222,5.21479034423828,0.62787318229675,8.23094654083252,0.14499981701374,2.92695093154907,0.0
2.052604,5.20934867858887,0.62787318229675,8.26421451568604,0.13999982178211,2.97945094108582,0.0
2.079128,5.20758962631226,0.62787318229675,8.28096389770508,0.12999984622002,3.03695106506348,0.0
2.104653,5.20583581924438,0.62787318229675,8.31457328796387,0.12499984353781,3.08945107460022,0.0
2.12798633333333,5.20529556274414,0.62787318229675,8.33137989044189,0.11999984830618,3.10945105552673,0.0
2.152805,5.20589542388916,0.62787318229675,8.36498355865479,0.11999984830618,-3.12373423576355,0.0
2.179307,5.20674085617065,0.62787318229675,8.38175678253174,0.11999984830618,-3.0912344455719,0.0
2.20338107407407,5.20901727676392,0.62787318229675,8.41524791717529,0.11999984830618,-3.07373428344727,0.0
2.22745514814815,5.21044731140137,0.62787318229675,8.43196296691895,0.11999983340502,-3.05623435974121,0.0
2.24752166666667,5.2122106552124,0.62787318229675,8.44863796234131,0.11999982595444,-3.0362343788147,0.0
2.27159574074074,5.21673488616943,0.62787318229675,8.48185443878174,0.11999982595444,-3.00623440742493,0.0
2.29566981481482,5.21969938278198,0.62787318229675,8.49834537506104,0.11999982595444,-2.96373438835144,0.0
2.31947933862434,5.22628355026245,0.62787318229675,8.53118991851807,0.11999982595444,-2.94373440742493,0.0
2.34328886243386,5.23006582260132,0.62787318229675,8.54749965667725,0.11999982595444,-2.91373443603516,0.0
2.36736293650794,5.2378716468811,0.62787318229675,8.58005237579346,0.12249981611967,-2.90623426437378,0.0
2.39117246031746,5.24177360534668,0.62787318229675,8.59632301330566,0.12249981611967,-2.90623426437378,0.0
2.41418833333333,5.24575567245483,0.62787318229675,8.61256980895996,0.12249981611967,-2.90123438835144,0.0
2.43799785714286,5.2538800239563,0.62787318229675,8.6450138092041,0.12249981611967,-2.89623427391052,0.0
2.46180738095238,5.25818395614624,0.62787318229675,8.66117000579834,0.12749980390072,-2.88123440742493,0.0
2.48588145502646,5.26719331741333,0.62787318229675,8.69336414337158,0.13499981164932,-2.86873435974121,0.0
2.50995552910053,5.27181768417358,0.62787318229675,8.70942401885986,0.13749980926514,-2.86123442649841,0.0
2.53376505291005,5.28146505355835,0.62787318229675,8.74141788482666,0.14749984443188,-2.8487343788147,0.0
2.55757457671958,5.2864875793457,0.62787318229675,8.75735092163086,0.15249988436699,-2.83623433113098,0.0
2.58156233333333,5.29684829711914,0.62787318229675,8.78911018371582,0.15999987721443,-2.82623434066772,0.0
2.60537185714286,5.30226564407349,0.62787318229675,8.80490779876709,0.1649998575449,-2.81123423576355,0.0
2.62918138095238,5.30783987045288,0.62787318229675,8.82064819335938,0.16999985277653,-2.80123424530029,0.0
2.6529909047619,5.3193793296814,0.62787318229675,8.85198211669922,0.17499986290932,-2.78873443603516,0.0
2.67894,5.32546043395996,0.62787318229675,8.86752891540527,0.1849998831749,-2.76873445510864,0.0
2.706044,5.33793163299561,0.62787318229675,8.89849472045898,0.18749988079071,-2.75873422622681,0.0
2.73011807407407,5.34424352645874,0.62787318229675,8.91394424438477,0.18999989330769,-2.75373435020447,0.0
2.75419214814815,5.35694360733032,0.62787318229675,8.94480895996094,0.19499990344048,-2.75123429298401,0.0
2.77826622222222,5.36333179473877,0.62787318229675,8.96022415161133,0.19499991834164,-2.74873447418213,0.0
2.80207574603175,5.37618350982666,0.62787318229675,8.99102020263672,0.1949999332428,-2.74623441696167,0.0
2.82588526984127,5.38260889053345,0.62787318229675,9.0064172744751,0.1949999332428,-2.74623441696167,0.0
2.84752166666667,5.38907241821289,0.62787318229675,9.02179622650146,0.19499994814396,-2.74373435974121,0.0
2.87159574074074,5.40207576751709,0.62787318229675,9.05251979827881,0.19749994575977,-2.74123430252075,0.0
2.89566981481482,5.40857696533203,0.62787318229675,9.06788063049316,0.19749994575977,-2.74123430252075,0.0
2.91974388888889,5.4215784072876,0.62787318229675,9.09860038757324,0.19749994575977,-2.74123430252075,0.0
2.94355341269841,5.42807865142822,0.62787318229675,9.11396026611328,0.19749994575977,-2.74123430252075,0.0
2.96736293650794,5.44107913970947,0.62787318229675,9.14467811584473,0.19749994575977,-2.74123430252075,0.0
2.99117246031746,5.44757890701294,0.62787318229675,9.16003608703613,0.19749994575977,-2.74123430252075,0.0
3.01263566666667,5.45407819747925,0.62787318229675,9.17539310455322,0.19749994575977,-2.74123430252075,0.0
3.03430666666667,5.46707677841187,0.62787318229675,9.2061071395874,0.19749994575977,-2.74123430252075,0.0
3.05811619047619,5.47357559204102,0.62787318229675,9.22146320343018,0.19749994575977,-2.74123430252075,0.0
3.07860166666667,5.48007440567017,0.62787318229675,9.23681926727295,0.19749994575977,-2.74123430252075,0.0
3.101935,5.49253225326538,0.62787318229675,9.2677526473999,0.16999995708466,-2.75873422622681,0.0
3.12526833333333,5.49825525283813,0.62787318229675,9.28341293334961,0.13999997079372,-2.79123425483704,0.0
3.14860166666667,5.50780153274536,0.62787318229675,9.31536293029785,0.10749996453524,-2.85123443603516,0.0
3.171935,5.5116081237793,0.62787318229675,9.3315954208374,0.08749996125698,-2.9112343788147,0.0
3.19485166666667,5.51459884643555,0.62787318229675,9.34799671173096,0.06999996304512,-2.96123433113098,0.0
3.21776833333333,5.51909828186035,0.62787318229675,9.38103580474854,0.05749995261431,-3.00623440742493,0.0
3.24110166666667,5.5198540687561,0.62787318229675,9.39768981933594,0.04249995574355,-3.09623432159424,0.0
3.264435,5.51978254318237,0.62787318229675,9.43103218078613,0.03249995782971,3.1394510269165,0.0
3.28776833333333,5.51920509338379,0.62787318229675,9.44769287109375,0.02999995648861,3.10695099830627,0.0
3.31110166666667,5.51829481124878,0.62787318229675,9.4643383026123,0.02499995753169,3.08695101737976,0.0
3.334435,5.51547574996948,0.62787318229675,9.49755859375,0.01499995775521,3.05695104598999,0.0
3.35776833333333,5.5133204460144,0.62787318229675,9.51408863067627,0.00749995792285,3.01195096969604,0.0
3.38110166666667,5.50760984420776,0.62787318229675,9.54693508148193,0.00499995751306,2.96945095062256,0.0
3.404435,5.50454950332642,0.62787318229675,9.56332111358643,0.00249995756894,2.95695090293884,0.0
3.42776833333333,5.50144815444946,0.62787318229675,9.57969951629639,0.00249995733611,2.95445084571838,0.0
3.45110166666667,5.49524545669556,0.62787318229675,9.61245632171631,0.00249995733611,2.95445084571838,0.0
3.47401833333333,5.49206256866455,0.62787318229675,9.62881851196289,0.00249995710328,2.94945096969604,0.0
3.496935,5.48863458633423,0.62787318229675,9.64513111114502,0.00249995687045,2.93445086479187,0.0
3.525184,5.48128938674927,0.62787318229675,9.67764949798584,-0.00000004284095,2.91945099830627,0.0
3.550184,5.47370100021362,0.62787318229675,9.71011066436768,-0.00000004284095,2.9119508266449,0.0
3.577276,5.46962356567383,0.62787318229675,9.72627258300781,-0.0075000426732,2.89445090293884,0.0
3.602276,5.4610652923584,0.62787318229675,9.75849151611328,-0.01000004261732,2.88195085525513,0.0
3.627276,5.45642471313477,0.62787318229675,9.77450084686279,-0.01250004209578,2.85945081710815,0.0
3.652276,5.44626712799072,0.62787318229675,9.80625057220459,-0.01250004209578,2.83195090293884,0.0
3.677276,5.44044017791748,0.62787318229675,9.82186698913574,-0.01250004209578,2.78445100784302,0.0
3.702276,5.42831897735596,0.62787318229675,9.85292053222656,-0.01250004116446,2.76945090293884,0.0
3.727276,5.42202615737915,0.62787318229675,9.86835479736328,-0.01250004116446,2.75445079803467,0.0
3.752276,5.40928602218628,0.62787318229675,9.89916038513184,-0.01250004116446,2.74945092201233,0.0
3.777276,5.40283918380737,0.62787318229675,9.91453075408936,-0.01250004116446,2.74445104598999,0.0
3.79800666666667,5.38994550704956,0.62787318229675,9.94527149200439,-0.01250004116446,2.74445104598999,0.0
3.81910766666667,5.38349866867065,0.62787318229675,9.96064186096191,-0.01250004116446,2.74445104598999,0.0
3.83858366666667,5.37701368331909,0.62787318229675,9.97599601745605,-0.01250004116446,2.74195098876953,0.0
3.86080588888889,5.37052869796753,0.62787318229675,9.9913501739502,-0.01250004116446,2.74195098876953,0.0
3.88302811111111,5.3575587272644,0.62787318229675,10.0220584869385,-0.01250004116446,2.74195098876953,0.0
3.90507066666667,5.35107374191284,0.62787318229675,10.0374126434326,-0.01250004116446,2.74195098876953,0.0
3.92729288888889,5.34458875656128,0.62787318229675,10.0527667999268,-0.01250004116446,2.74195098876953,0.0
3.94951511111111,5.33161878585815,0.62787318229675,10.083475112915,-0.01250004116446,2.74195098876953,0.0
3.97173733333333,5.32513380050659,0.62787318229675,10.0988292694092,-0.01250004116446,2.74195098876953,0.0
3.99395955555556,5.31864881515503,0.62787318229675,10.1141834259033,-0.01250004116446,2.74195098876953,0.0
4.01618177777778,5.30560255050659,0.62787318229675,10.1448574066162,-0.0175000410527,2.73945093154907,0.0
4.038404,5.29907941818237,0.62787318229675,10.1601943969727,-0.03500003740191,2.73945093154907,0.0
4.06007066666667,5.29255628585815,0.62787318229675,10.1755313873291,-0.07750003784895,2.73945093154907,0.0
4.080855,5.28614807128906,0.62787318229675,10.1909170150757,-0.09500003606081,2.74695086479187,0.0
4.10252166666667,5.27340888977051,0.62787318229675,10.2217206954956,-0.10750002413988,2.74945092201233,0.0
4.12418833333333,5.26707792282104,0.62787318229675,10.2371387481689,-0.1175000295043,2.75195097923279,0.0
4.145855,5.26090145111084,0.62787318229675,10.2526187896729,-0.13000002503395,2.76195096969604,0.0
4.16752166666667,5.24870300292969,0.62787318229675,10.2836399078369,-0.14000003039837,2.76695084571838,0.0
4.18974388888889,5.24283742904663,0.62787318229675,10.2992401123047,-0.15750002861023,2.78195095062256,0.0
4.21196611111111,5.23724555969238,0.62787318229675,10.31494140625,-0.17250004410744,2.79945087432861,0.0
4.23418833333333,5.22653388977051,0.62787318229675,10.346508026123,-0.18250004947186,2.81445097923279,0.0
4.25641055555556,5.22173357009888,0.62787318229675,10.3624687194824,-0.21250005066395,2.8494508266449,0.0
4.27863277777778,5.21745443344116,0.62787318229675,10.3785772323608,-0.25000005960464,2.88195085525513,0.0
4.300855,5.20954275131226,0.62787318229675,10.4109582901001,-0.27250003814697,2.90195083618164,0.0
4.32307722222222,5.2062783241272,0.62787318229675,10.4273023605347,-0.32500001788139,2.94445085525513,0.0
4.34529944444444,5.20325946807861,0.62787318229675,10.4436931610107,-0.34750005602837,2.9594509601593,0.0
4.367545,5.19787788391113,0.62787318229675,10.4765892028809,-0.37250006198883,2.97945094108582,0.0
4.38976722222222,5.19539308547974,0.62787318229675,10.4930696487427,-0.39250007271767,2.99195075035095,0.0
4.41198944444444,5.19290828704834,0.62787318229675,10.5095500946045,-0.39250007271767,2.99195075035095,0.0
4.43421166666667,5.18810367584229,0.62787318229675,10.5425357818604,-0.3975000679493,2.99695086479187,0.0
4.45643388888889,5.18574237823486,0.62787318229675,10.5590343475342,-0.40000009536743,2.99945092201233,0.0
4.47865611111111,5.18354654312134,0.62787318229675,10.5755558013916,-0.41500005125999,3.00945091247559,0.0
4.504031,5.17940282821655,0.62787318229675,10.6086311340332,-0.43250000476837,3.01695084571838,0.0
4.526696,5.17745494842529,0.62787318229675,10.6251840591431,-0.44250002503395,3.02445077896118,0.0
4.54942327272727,5.1736421585083,0.62787318229675,10.658299446106,-0.45250007510185,3.02695083618164,0.0
4.572504,5.17185974121094,0.62787318229675,10.6748704910278,-0.46000003814697,3.03445076942444,0.0
4.59523127272727,5.17007732391357,0.62787318229675,10.6914415359497,-0.46000003814697,3.03445076942444,0.0
4.61795854545454,5.16651248931885,0.62787318229675,10.7245836257935,-0.46000003814697,3.03445076942444,0.0
4.64068581818182,5.16473007202148,0.62787318229675,10.7411546707153,-0.46000003814697,3.03445076942444,0.0
4.66341309090909,5.16298913955688,0.62787318229675,10.7577304840088,-0.46000003814697,3.0369508266449,0.0
4.68614036363636,5.15975618362427,0.62787318229675,10.7909069061279,-0.46000003814697,3.0444507598877,0.0
4.70886763636363,5.15822267532349,0.62787318229675,10.807502746582,-0.46000003814697,3.04945087432861,0.0
4.730855,5.15685510635376,0.62787318229675,10.8241128921509,-0.46000003814697,3.05945086479187,0.0
4.754451,5.15503454208374,0.62787318229675,10.8573961257935,-0.45250010490417,3.08695077896118,0.0
4.77717827272727,5.15466547012329,0.62787318229675,10.8740587234497,-0.4425000846386,3.11945080757141,0.0
4.79990554545454,5.15634298324585,0.62787318229675,10.9073495864868,-0.42250010371208,-3.0912344455719,0.0
4.82263281818182,5.15855073928833,0.62787318229675,10.9238691329956,-0.40000009536743,-3.00873446464539,0.0
4.84536009090909,5.16158151626587,0.62787318229675,10.940258026123,-0.38000005483627,-2.9587345123291,0.0
4.86758231313131,5.170081615448,0.62787318229675,10.9724903106689,-0.34749999642372,-2.88373446464539,0.0
4.88980453535353,5.17497301101685,0.62787318229675,10.9884233474731,-0.32500001788139,-2.84373450279236,0.0
4.91202675757576,5.18061542510986,0.62787318229675,11.0041055679321,-0.30000004172325,-2.79623436927795,0.0
4.93424897979798,5.19306755065918,0.62787318229675,11.0350255966187,-0.27500009536743,-2.75873446464539,0.0
4.95663933333333,5.19971656799316,0.62787318229675,11.0503082275391,-0.25750008225441,-2.7312343120575,0.0
4.97886155555555,5.20666980743408,0.62787318229675,11.0654554367065,-0.2375001013279,-2.71123456954956,0.0
5.00108377777778,5.22110462188721,0.62787318229675,11.0955018997192,-0.22250010073185,-2.69373440742493,0.0
5.023306,5.22862100601196,0.62787318229675,11.1103773117065,-0.20500008761883,-2.67373442649841,0.0
5.04552822222222,5.23639631271362,0.62787318229675,11.1251192092896,-0.18750008940697,-2.65623450279236,0.0
5.06775044444444,5.25231409072876,0.62787318229675,11.1544065475464,-0.17500008642673,-2.64373445510864,0.0
5.08863166666666,5.26045560836792,0.62787318229675,11.1689491271973,-0.16500008106232,-2.63123440742493,0.0
5.11085388888889,5.26874208450317,0.62787318229675,11.1834096908569,-0.15000006556511,-2.62123441696167,0.0
5.13307611111111,5.28574705123901,0.62787318229675,11.2120790481567,-0.13000006973743,-2.60623455047607,0.0
5.15529833333333,5.29432106018066,0.62787318229675,11.2263708114624,-0.11750008165836,-2.60123443603516,0.0
5.17752055555555,5.30300188064575,0.62787318229675,11.2405977249146,-0.10500007867813,-2.59373450279236,0.0
5.19974277777777,5.32043504714966,0.62787318229675,11.2690095901489,-0.10250006616116,-2.5912344455719,0.0
5.221965,5.32915163040161,0.62787318229675,11.2832155227661,-0.09250006824732,-2.5912344455719,0.0
5.24230266666666,5.33793926239014,0.62787318229675,11.2973775863647,-0.0850000679493,-2.58623456954956,0.0
5.26156666666666,5.34676218032837,0.62787318229675,11.3115177154541,-0.08250005543232,-2.5837345123291,0.0
5.28323333333333,5.36440801620483,0.62787318229675,11.3397979736328,-0.08000006526709,-2.5837345123291,0.0
5.3049,5.37323093414307,0.62787318229675,11.3539381027222,-0.08000006526709,-2.5837345123291,0.0
5.32413666666666,5.3820538520813,0.62787318229675,11.3680782318115,-0.08000006526709,-2.5837345123291,0.0
5.34235366666666,5.39087677001953,0.62787318229675,11.3822183609009,-0.08000006526709,-2.5837345123291,0.0
5.363187,5.39969968795776,0.62787318229675,11.3963584899902,-0.08000006526709,-2.5837345123291,0.0
5.38402033333333,5.41684770584106,0.62787318229675,11.4249420166016,-0.07750006765127,-2.60123443603516,0.0
5.40401966666666,5.42513418197632,0.62787318229675,11.4394025802612,-0.0825000628829,-2.62123441696167,0.0
5.42325566666666,5.43309307098389,0.62787318229675,11.4540462493896,-0.09250006079674,-2.64373445510864,0.0
5.44172666666666,5.44060945510864,0.62787318229675,11.468921661377,-0.1000000461936,-2.67373442649841,0.0
5.46418833333333,5.45459127426147,0.62787318229675,11.4991798400879,-0.11000003665686,-2.7087345123291,0.0
5.4845587037037,5.46101045608521,0.62787318229675,11.5145606994629,-0.12250003963709,-2.74623441696167,0.0
5.50461566666666,5.4666919708252,0.62787318229675,11.5302295684814,-0.13250002264977,-2.79373455047607,0.0
5.52498603703703,5.471022605896,0.62787318229675,11.5463237762451,-0.14750002324581,-2.87873458862305,0.0
5.54384766666666,5.47450256347656,0.62787318229675,11.5626230239868,-0.15750004351139,-2.93123459815979,0.0
5.56421803703703,5.47957801818848,0.62787318229675,11.5955686569214,-0.1625000089407,-2.98873448371887,0.0
5.5845884074074,5.48149633407593,0.62787318229675,11.6121244430542,-0.17000000178814,-3.02623462677002,0.0
5.60495877777777,5.48262643814087,0.62787318229675,11.6287527084351,-0.17499999701977,-3.07373452186584,0.0
5.62579211111111,5.48271560668945,0.62787318229675,11.6454191207886,-0.1875,-3.13623452186584,0.0
5.64752166666666,5.48097801208496,0.62787318229675,11.6787080764771,-0.19999998807907,3.08945083618164,0.0
5.674812,5.47898864746094,0.62787318229675,11.695255279541,-0.20999996364117,3.02195072174072,0.0
5.69564533333333,5.47642135620117,0.62787318229675,11.7117233276367,-0.21249997615814,2.98695087432861,0.0
5.722511,5.46956634521484,0.62787318229675,11.7443447113037,-0.22249998152256,2.93445086479187,0.0
5.749359,5.47675371170044,0.62787318229675,11.77463722229,-0.22999995946884,2.89195084571838,0.0
5.774359,5.48457193374634,0.62787318229675,11.7893562316895,-0.23499993979931,2.84445071220398,0.0
5.799359,5.49946737289429,0.62787318229675,11.8191757202148,-0.23749992251396,2.81945085525513,0.0
5.82274466666666,5.50665283203125,0.62787318229675,11.8342142105103,-0.23999993503094,2.80195069313049,0.0
5.84331266666666,5.51357412338257,0.62787318229675,11.8493757247925,-0.24249996244907,2.78445076942444,0.0
5.86712219047619,5.5266547203064,0.62787318229675,11.8800344467163,-0.24249996244907,2.75945091247559,0.0
5.88925066666666,5.53261566162109,0.62787318229675,11.8955984115601,-0.24249996244907,2.72195076942444,0.0
5.90715166666666,5.53818559646606,0.62787318229675,11.9113063812256,-0.24249996244907,2.69695091247559,0.0
5.92466766666666,5.54328203201294,0.62787318229675,11.9271745681763,-0.2424999922514,2.66695070266724,0.0
5.945501,5.54782009124756,0.62787318229675,11.943211555481,-0.24250000715256,2.63195085525513,0.0
5.96633433333333,5.55617237091064,0.62787318229675,11.9754819869995,-0.24250002205372,2.60945081710815,0.0
5.98716766666666,5.56006526947021,0.62787318229675,11.9916877746582,-0.24250003695488,2.5919508934021,0.0
6.00800099999999,5.56359243392944,0.62787318229675,12.0079765319824,-0.24250005185604,2.56945085525513,0.0
6.02883433333333,5.56646585464478,0.62787318229675,12.0243940353394,-0.2425000667572,2.5294508934021,0.0
6.04966766666666,5.57081174850464,0.62787318229675,12.0574426651001,-0.24250008165836,2.48695087432861,0.0
6.07050099999999,5.57265377044678,0.62787318229675,12.0740070343018,-0.24000005424023,2.4669508934021,0.0
6.09133433333333,5.57437181472778,0.62787318229675,12.0905847549438,-0.23750005662441,2.4594509601593,0.0
6.1117047037037,5.57592391967773,0.62787318229675,12.1071786880493,-0.23500004410744,2.44945096969604,0.0
6.13085499999999,5.57718515396118,0.62787318229675,12.123797416687,-0.23500002920628,2.43195104598999,0.0
6.15160433333333,5.57895994186401,0.62787318229675,12.1570825576782,-0.23000000417233,2.40945100784302,0.0
6.17243766666666,5.57959747314453,0.62787318229675,12.1737365722656,-0.2250000089407,2.39445090293884,0.0
6.19327099999999,5.5798602104187,0.62787318229675,12.1904010772705,-0.21750000119209,2.37195110321045,0.0
6.21410433333333,5.57983112335205,0.62787318229675,12.207067489624,-0.2124999910593,2.35445094108582,0.0
6.23493766666666,5.57893943786621,0.62787318229675,12.2403888702393,-0.20249998569489,2.32945108413696,0.0
6.25577099999999,5.57799434661865,0.62787318229675,12.2570285797119,-0.19250001013279,2.29945111274719,0.0
6.27660433333333,5.57663345336914,0.62787318229675,12.2736396789551,-0.18000002205372,2.27445101737976,0.0
6.29743766666666,5.57494068145752,0.62787318229675,12.2902202606201,-0.17500004172325,2.25445103645325,0.0
6.31827099999999,5.57064437866211,0.62787318229675,12.3232765197754,-0.16750001907349,2.22695112228394,0.0
6.33970899999999,5.56820726394653,0.62787318229675,12.3397636413574,-0.1625000089407,2.20945119857788,0.0
6.36260299999999,5.56556463241577,0.62787318229675,12.356219291687,-0.15999998152256,2.19695115089417,0.0
6.38721399999999,5.55995035171509,0.62787318229675,12.3890771865845,-0.15500000119209,2.18695116043091,0.0
6.40842612121211,5.55710220336914,0.62787318229675,12.4054985046387,-0.15500000119209,2.18445110321045,0.0
6.42963824242423,5.55417156219482,0.62787318229675,12.4219055175781,-0.15500000119209,2.17945122718811,0.0
6.44752166666666,5.54704666137695,0.62787318229675,12.4356269836426,-0.15500000119209,2.17945122718811,0.0
6.46873378787878,5.5224494934082,0.62787318229675,12.4564161300659,-0.15250001847744,2.17695116996765,0.0
6.4899459090909,5.50875186920166,0.62787318229675,12.4659109115601,-0.15250001847744,2.17695116996765,0.0
6.51115803030302,5.49505424499512,0.62787318229675,12.4754056930542,-0.15250001847744,2.17695116996765,0.0
6.53085499999999,5.48135662078857,0.62787318229675,12.4849004745483,-0.15250001847744,2.17695116996765,0.0
6.55206712121211,5.45396137237549,0.62787318229675,12.5038900375366,-0.15250001847744,2.17695116996765,0.0
6.57327924242423,5.44026374816895,0.62787318229675,12.5133848190308,-0.15250001847744,2.17695116996765,0.0
6.59449136363636,5.4265661239624,0.62787318229675,12.5228796005249,-0.15499998629093,2.17695116996765,0.0
6.61567233333333,5.39945888519287,0.62787318229675,12.5422792434692,-0.16999995708466,2.19195103645325,0.0
6.63688445454545,5.38630437850952,0.62787318229675,12.5525131225586,-0.19999994337559,2.23195099830627,0.0
6.65809657575757,5.37362337112427,0.62787318229675,12.563328742981,-0.22499991953373,2.27695107460022,0.0
6.67930869696969,5.36170053482056,0.62787318229675,12.5749750137329,-0.24249990284443,2.34445118904114,0.0
6.70052081818181,5.33948087692261,0.62787318229675,12.5998220443726,-0.2474998831749,2.41195106506348,0.0
6.72173293939393,5.33004093170166,0.62787318229675,12.6135578155518,-0.25749984383583,2.53945112228394,0.0
6.74294506060606,5.3226842880249,0.62787318229675,12.6285133361816,-0.26999980211258,2.68445110321045,0.0
6.76415718181818,5.31670188903809,0.62787318229675,12.6440696716309,-0.26999980211258,2.77445101737976,0.0
6.7853693030303,5.30814361572266,0.62787318229675,12.6762847900391,-0.26999974250793,2.88195109367371,0.0
6.80658142424242,5.3053297996521,0.62787318229675,12.6927118301392,-0.26999971270561,2.97195100784302,0.0
6.82779354545454,5.30350589752197,0.62787318229675,12.7092781066895,-0.26999968290329,3.03195095062256,0.0
6.84900566666666,5.30335140228271,0.62787318229675,12.7426109313965,-0.26999965310097,3.13695096969604,0.0
6.869839,5.30464792251587,0.62787318229675,12.7592267990112,-0.26999965310097,-3.06373429298401,0.0
6.89067233333333,5.30788326263428,0.62787318229675,12.7755765914917,-0.26999965310097,-2.94623422622681,0.0
6.91150566666666,5.31217384338379,0.62787318229675,12.7916812896729,-0.26999965310097,-2.88123440742493,0.0
6.93233899999999,5.3066873550415,0.62787318229675,12.8224639892578,-0.26999965310097,-2.81873440742493,0.0
6.95317233333333,5.30065965652466,0.62787318229675,12.838002204895,-0.26999965310097,-2.72623419761658,0.0
6.97400566666666,5.29101514816284,0.62787318229675,12.8502855300903,-0.26999965310097,-2.66623425483704,0.0
6.99483899999999,5.27790260314941,0.62787318229675,12.8599996566772,-0.26999965310097,-2.56623435020447,0.0
7.01561666666666,5.25122261047363,0.62787318229675,12.8799829483032,-0.26999965310097,-2.49873423576355,0.0
7.03445566666666,5.23900365829468,0.62787318229675,12.8913173675537,-0.26999965310097,-2.39373421669006,0.0
7.05514066666666,5.22763776779175,0.62787318229675,12.903507232666,-0.26999965310097,-2.32123422622681,0.0
7.07543166666666,5.21767854690552,0.62787318229675,12.9168710708618,-0.26999965310097,-2.21123433113098,0.0
7.09577066666666,5.20864343643188,0.62787318229675,12.9308767318726,-0.26999965310097,-2.14373421669006,0.0
7.11614103703703,5.19383192062378,0.62787318229675,12.9607381820679,-0.26749968528748,-2.03123426437378,0.0
7.1365114074074,5.18791484832764,0.62787318229675,12.9763193130493,-0.2549996972084,-1.93373429775238,0.0
7.15688177777777,5.18326187133789,0.62787318229675,12.9923229217529,-0.24999970197678,-1.85373425483704,0.0
7.17771511111111,5.1798620223999,0.62787318229675,13.0086393356323,-0.24249970912933,-1.77623426914215,0.0
7.19840133333333,5.17445468902588,0.62787318229675,13.0415315628052,-0.23999971151352,-1.73373425006866,0.0
7.21923466666666,5.17261791229248,0.62787318229675,13.0580968856812,-0.23499970138073,-1.68123424053192,0.0
7.24006799999999,5.17169427871704,0.62787318229675,13.0747375488281,-0.22999973595142,-1.62623429298401,0.0
7.26191099999999,5.1715202331543,0.62787318229675,13.0914030075073,-0.22999975085258,-1.58123433589935,0.0
7.28351699999999,5.17292213439941,0.62787318229675,13.1247072219849,-0.22999976575375,-1.52873432636261,0.0
7.30514799999999,5.17474460601807,0.62787318229675,13.1412734985352,-0.22999978065491,-1.46123433113098,0.0
7.32920999999999,5.17804861068726,0.62787318229675,13.1576089859009,-0.22999979555607,-1.37123429775238,0.0
7.35427899999999,5.18883657455444,0.62787318229675,13.1891489028931,-0.22999981045723,-1.24123430252075,0.0
7.37859699999999,5.19703912734985,0.62787318229675,13.2036571502686,-0.22999982535839,-1.05623435974121,0.0
7.40210799999999,5.21956586837769,0.62787318229675,13.2282257080078,-0.21499980986118,-0.82873427867889,0.0
7.42766799999999,5.22425889968872,0.62787318229675,13.233344078064,-0.1724997907877,-0.55373424291611,0.0
7.45438199999999,5.22425889968872,0.62787318229675,13.233344078064,-0.15499979257584,-0.44123423099518,0.0
7.48263599999999,5.22425889968872,0.62787318229675,13.233344078064,-0.16749978065491,-0.43623429536819,0.0
7.50763599999999,5.22425889968872,0.62787318229675,13.233344078064,-0.16749978065491,-0.43623429536819,0.0
7.53263599999999,5.22425889968872,0.62787318229675,13.233344078064,-0.16749978065491,-0.43623429536819,0.0
7.557636,5.22425889968872,0.62787318229675,13.233344078064,-0.16749978065491,-0.43623429536819,0.0
7.582636,5.22425889968872,0.62787318229675,13.233344078064,-0.16749978065491,-0.43623429536819,0.0
7.60762566666666,5.22425889968872,0.62787318229675,13.233344078064,-0.16749978065491,-0.43623429536819,0.0
7.62758166666666,5.22425889968872,0.62787318229675,13.233344078064,-0.16749978065491,-0.43623429536819,0.0
7.64564166666666,5.22425889968872,0.62787318229675,13.233344078064,-0.16749978065491,-0.43623429536819,0.0
7.66786388888888,5.22425889968872,0.62787318229675,13.233344078064,-0.12999980151653,-0.40873432159424,0.0
7.69008611111111,5.22425889968872,0.62787318229675,13.233344078064,-0.10999980568886,-0.30873429775238,0.0
7.71230833333333,5.22425889968872,0.62787318229675,13.233344078064,-0.10249979794025,-0.11123432219028,0.0
7.73453055555555,5.22425889968872,0.62787318229675,13.233344078064,-0.10249979794025,0.08376567810774,0.0
7.75831799999999,5.22425889968872,0.62787318229675,13.233344078064,-0.10249979794025,0.28126573562622,0.0
7.79023599999999,5.20763731002808,0.62787318229675,13.2403964996338,-0.10249979794025,0.40126568078995,0.0
7.815305,5.17840623855591,0.62787318229675,13.2532730102539,-0.10249979794025,0.41626566648483,0.0
7.848772,5.14791917800903,0.62787318229675,13.2667503356934,-0.10249979794025,0.41626566648483,0.0
7.87654977777777,5.1326756477356,0.62787318229675,13.2734889984131,-0.10249979794025,0.41626566648483,0.0
7.90432755555555,5.10218858718872,0.62787318229675,13.2869663238525,-0.10249979794025,0.41626566648483,0.0
7.93210533333333,5.07170152664185,0.62787318229675,13.300443649292,-0.10249979794025,0.41626566648483,0.0
7.95988311111111,5.05650901794434,0.62787318229675,13.3072967529297,-0.10249979794025,0.4237656891346,0.0
7.98766088888888,5.0262279510498,0.62787318229675,13.3212299346924,-0.09999978542328,0.43126568198204,0.0
8.01611399999999,4.99605178833008,0.62787318229675,13.3353900909424,-0.09999979287386,0.43876567482948,0.0
8.04883,4.96620178222656,0.62787318229675,13.3502254486084,-0.09749978780746,0.46126574277878,0.0
8.080699,4.95162582397461,0.62787318229675,13.3583078384399,-0.0899997651577,0.50626569986343,0.0
8.10927042857142,4.92323017120361,0.62787318229675,13.3757658004761,-0.0874997600913,0.55126571655273,0.0
8.13784185714285,4.89612579345703,0.62787318229675,13.395167350769,-0.0874997600913,0.62126576900482,0.0
8.16418833333333,4.88372039794922,0.62787318229675,13.4062976837158,-0.10749975591898,0.73126572370529,0.0
8.19252166666666,4.86200428009033,0.62787318229675,13.4315872192383,-0.14999975264072,0.86126571893692,0.0
8.21896066666666,4.84285354614258,0.62787318229675,13.458869934082,-0.19249975681305,0.95876574516296,0.0
8.23681766666666,4.83369159698486,0.62787318229675,13.4727926254272,-0.20499972999096,0.98876565694809,0.0
8.26181766666666,4.82477474212646,0.62787318229675,13.486873626709,-0.20999974012375,1.00626564025879,0.0
8.28681766666666,4.80729389190674,0.62787318229675,13.5152549743652,-0.21749970316887,1.0187656879425,0.0
8.30591366666666,4.79855346679688,0.62787318229675,13.5294456481934,-0.21749970316887,1.0187656879425,0.0
8.32506366666666,4.78981304168701,0.62787318229675,13.5436363220215,-0.21749970316887,1.0187656879425,0.0
8.34752166666666,4.77233219146729,0.62787318229675,13.5720176696777,-0.21749970316887,1.0187656879425,0.0
8.37043833333333,4.76359176635742,0.62787318229675,13.5862083435059,-0.21749970316887,1.0187656879425,0.0
8.39266055555555,4.75488710403442,0.62787318229675,13.6004209518433,-0.21999973058701,1.02126562595367,0.0
8.41087966666666,4.74618244171143,0.62787318229675,13.6146335601807,-0.22999976575375,1.02126562595367,0.0
8.43254633333333,4.7287015914917,0.62787318229675,13.6430149078369,-0.24499975144863,1.0187656879425,0.0
8.45476855555555,4.71971416473389,0.62787318229675,13.6570510864258,-0.26499977707863,1.00126564502716,0.0
8.47643522222222,4.71065664291382,0.62787318229675,13.6710414886475,-0.27249979972839,0.99626559019089,0.0
8.49810188888888,4.68439722061157,0.62787318229675,13.6869840621948,-0.28499978780746,0.9787654876709,0.0
8.51976855555555,4.66794681549072,0.62787318229675,13.6893558502197,-0.3049997985363,0.92126566171646,0.0
8.54199077777777,4.65131092071533,0.62787318229675,13.6903696060181,-0.31999984383583,0.8462655544281,0.0
8.564213,4.61798667907715,0.62787318229675,13.6911478042603,-0.32249981164932,0.80876559019089,0.0
8.58643522222222,4.60132598876953,0.62787318229675,13.6907043457031,-0.32249981164932,0.75876557826996,0.0
8.60865744444444,4.5847020149231,0.62787318229675,13.6895112991333,-0.32249981164932,0.7137656211853,0.0
8.63087966666666,4.5516791343689,0.62787318229675,13.6849718093872,-0.32999980449677,0.64876556396484,0.0
8.65310188888888,4.53787469863892,0.62787318229675,13.6783771514893,-0.32999980449677,0.5887656211853,0.0
8.67745099999999,4.52686309814453,0.62787318229675,13.667989730835,-0.33249980211258,0.48876556754112,0.0
8.70235199999999,4.51176452636719,0.62787318229675,13.639123916626,-0.33249980211258,0.42876556515694,0.0
8.72457422222222,4.50564050674438,0.62787318229675,13.6236228942871,-0.33249980211258,0.37626555562019,0.0
8.75046099999999,4.49527311325073,0.62787318229675,13.5919418334961,-0.33249980211258,0.31626561284065,0.0
8.77601499999999,4.490807056427,0.62787318229675,13.5758848190308,-0.33249980211258,0.27126559615135,0.0
8.80300499999999,4.48332929611206,0.62787318229675,13.5434007644653,-0.32499977946281,0.22626560926437,0.0
8.82633833333333,4.47995662689209,0.62787318229675,13.52707862854,-0.31749972701073,0.20376558601856,0.0
8.8504124074074,4.47443962097168,0.62787318229675,13.4942054748535,-0.30499967932701,0.16626560688019,0.0
8.87448648148147,4.47213411331177,0.62787318229675,13.4776992797852,-0.30249971151352,0.13876561820507,0.0
8.89752166666666,4.47086429595947,0.62787318229675,13.4610815048218,-0.29249975085258,0.07626560330391,0.0
8.92133119047618,4.45548963546753,0.62787318229675,13.4340286254883,-0.28749975562096,0.03626560792327,0.0
8.94514071428571,4.44395732879639,0.62787318229675,13.4219961166382,-0.27749973535538,-0.02123439870775,0.0
8.96895023809523,4.42206192016602,0.62787318229675,13.3968629837036,-0.27249971032143,-0.06873439997435,0.0
8.99275976190475,4.41172313690186,0.62787318229675,13.3837909698486,-0.26499968767166,-0.11623439192772,0.0
9.01656928571428,4.38374662399292,0.62787318229675,13.3697147369385,-0.25249966979027,-0.18623441457748,0.0
9.0403788095238,4.36765623092651,0.62787318229675,13.3653697967529,-0.22749967873096,-0.26373440027237,0.0
9.06418833333333,4.35190916061401,0.62787318229675,13.3599100112915,-0.20999966561794,-0.33373439311981,0.0
9.0882624074074,4.32086086273193,0.62787318229675,13.3631591796875,-0.18999965488911,-0.38873434066772,0.0
9.11233648148147,4.30531692504883,0.62787318229675,13.3691730499268,-0.17749965190887,-0.41623440384865,0.0
9.14247499999999,4.28372812271118,0.62787318229675,13.3917226791382,-0.1549996137619,-0.47123438119888,0.0
9.16747499999999,4.26734685897827,0.62787318229675,13.4207525253296,-0.13999962806702,-0.51373434066772,0.0
9.19247499999999,4.25879621505737,0.62787318229675,13.43505859375,-0.1299996227026,-0.53873437643051,0.0
9.21747499999999,4.24091386795044,0.62787318229675,13.4631900787354,-0.11749962717295,-0.56623440980911,0.0
9.24247499999999,4.23169326782227,0.62787318229675,13.4770736694336,-0.10999962687492,-0.58623439073563,0.0
9.26747499999999,4.21263217926025,0.62787318229675,13.5044193267822,-0.09999962896109,-0.60873436927795,0.0
9.29247499999999,4.20272922515869,0.62787318229675,13.5178251266479,-0.08749961853027,-0.63623440265656,0.0
9.31747499999999,4.18252372741699,0.62787318229675,13.544337272644,-0.07749962061644,-0.65123438835144,0.0
9.34247499999999,4.17212533950806,0.62787318229675,13.5573625564575,-0.0649996176362,-0.67373442649841,0.0
9.36747499999999,4.15068387985229,0.62787318229675,13.5828847885132,-0.05499961227179,-0.6987344622612,0.0
9.39247499999999,4.13964748382568,0.62787318229675,13.5953741073608,-0.04499960690737,-0.7237343788147,0.0
9.41005866666666,4.12818098068237,0.62787318229675,13.6074695587158,-0.02499961294234,-0.7587343454361,0.0
9.43210066666666,4.10459089279175,0.62787318229675,13.6310195922852,-0.00999961234629,-0.7862343788147,0.0
9.45634309090909,4.09219408035278,0.62787318229675,13.6421594619751,0.02250038273633,-0.83873438835144,0.0
9.48134309090909,4.06626558303833,0.62787318229675,13.6631078720093,0.05250037834048,-0.89123433828354,0.0
9.50634309090909,4.05296802520752,0.62787318229675,13.6731548309326,0.07250037789345,-0.92373436689377,0.0
9.530855,4.0228967666626,0.62787318229675,13.6790828704834,0.08500038087368,-0.95123434066772,0.0
9.555855,4.00651693344116,0.62787318229675,13.6760034561157,0.09000036865473,-0.97123438119888,0.0
9.582015,3.97388744354248,0.62787318229675,13.6691904067993,0.09750036895275,-0.99123430252075,0.0
9.607759,3.95769190788269,0.62787318229675,13.6652555465698,0.10750038921833,-1.02373433113098,0.0
9.63401,3.92566418647766,0.62787318229675,13.6560163497925,0.12000038474798,-1.06623435020447,0.0
9.660917,3.90980911254883,0.62787318229675,13.65087890625,0.13000036776066,-1.0987343788147,0.0
9.685917,3.87862253189087,0.62787318229675,13.6391105651855,0.14500035345554,-1.14623427391052,0.0
9.710917,3.86306881904602,0.62787318229675,13.6381149291992,0.16000035405159,-1.19373440742493,0.0
9.742029,3.85721755027771,0.62787318229675,13.6377401351929,0.17250035703182,-1.22873425483704,0.0
9.771775,3.85721755027771,0.62787318229675,13.6377401351929,0.17500035464764,-1.24123430252075,0.0
9.803849,3.85721755027771,0.62787318229675,13.6377401351929,0.17750036716461,-1.24623429775238,0.0
9.830855,3.85721755027771,0.62787318229675,13.6377401351929,0.17750036716461,-1.24873423576355,0.0
9.862918,3.85721755027771,0.62787318229675,13.6377401351929,0.17750036716461,-1.25123429298401,0.0
9.89069577777778,3.85721755027771,0.62787318229675,13.6377401351929,0.17750036716461,-1.25123429298401,0.0
9.91418833333333,3.85721755027771,0.62787318229675,13.6377401351929,0.17750036716461,-1.25123429298401,0.0
9.94196611111111,3.85721755027771,0.62787318229675,13.6377401351929,0.17750036716461,-1.25123429298401,0.0
9.96883366666667,3.85721755027771,0.62787318229675,13.6377401351929,0.17750036716461,-1.25123429298401,0.0
9.99204066666666,3.85721755027771,0.62787318229675,13.6377401351929,0.17750036716461,-1.25123429298401,0.0
10.0197536666667,3.85721755027771,0.62787318229675,13.6377401351929,0.17750036716461,-1.25123429298401,0.0
10.0475314444444,3.85721755027771,0.62787318229675,13.6377401351929,0.17750036716461,-1.25123429298401,0.0
10.0706806666667,3.85721755027771,0.62787318229675,13.6377401351929,0.17750036716461,-1.25123429298401,0.0
10.0984584444444,3.85721755027771,0.62787318229675,13.6377401351929,0.17500035464764,-1.25373423099518,0.0
10.1250776666667,3.85721755027771,0.62787318229675,13.6377401351929,0.16500036418438,-1.25373423099518,0.0
10.1490456666667,3.85721755027771,0.62787318229675,13.6377401351929,0.15500032901764,-1.24873423576355,0.0
10.1757123333333,3.85063004493713,0.62787318229675,13.6399383544922,0.14750035107136,-1.24873423576355,0.0
10.1995546666667,3.8255980014801,0.62787318229675,13.6482915878296,0.14750035107136,-1.24873423576355,0.0
10.2231826666667,3.8097882270813,0.62787318229675,13.6535673141479,0.14750035107136,-1.24873423576355,0.0
10.2452616666667,3.7939784526825,0.62787318229675,13.6588430404663,0.14750035107136,-1.24873423576355,0.0
10.2702616666667,3.76235890388489,0.62787318229675,13.669394493103,0.14750035107136,-1.24873423576355,0.0
10.2952616666667,3.75577139854431,0.62787318229675,13.6715927124023,0.14750035107136,-1.24873423576355,0.0
10.3202616666667,3.75577139854431,0.62787318229675,13.6715927124023,0.14750035107136,-1.24873423576355,0.0
10.3445040909091,3.75577139854431,0.62787318229675,13.6715927124023,0.14750035107136,-1.24873423576355,0.0
10.3687465151515,3.75577139854431,0.62787318229675,13.6715927124023,0.14750035107136,-1.24873423576355,0.0
10.3937465151515,3.75577139854431,0.62787318229675,13.6715927124023,0.14750035107136,-1.24873423576355,0.0
10.4179889393939,3.75577139854431,0.62787318229675,13.6715927124023,0.14750035107136,-1.24873423576355,0.0
10.4429889393939,3.75577139854431,0.62787318229675,13.6715927124023,0.14750035107136,-1.24873423576355,0.0
10.469987,3.75577139854431,0.62787318229675,13.6715927124023,0.14500030875206,-1.24873423576355,0.0
10.494987,3.75577139854431,0.62787318229675,13.6715927124023,0.14250031113625,-1.24623429775238,0.0
10.5192294242424,3.75577139854431,0.62787318229675,13.6715927124023,0.14250031113625,-1.24623429775238,0.0
10.5442294242424,3.75577139854431,0.62787318229675,13.6715927124023,0.14250031113625,-1.24623429775238,0.0
10.5692294242424,3.75577139854431,0.62787318229675,13.6715927124023,0.14250031113625,-1.24623429775238,0.0
10.5938213333333,3.75577139854431,0.62787318229675,13.6715927124023,0.14250031113625,-1.24623429775238,0.0
10.6141883333333,3.75577139854431,0.62787318229675,13.6715927124023,0.14250031113625,-1.24623429775238,0.0
10.6384307575758,3.75577139854431,0.62787318229675,13.6715927124023,0.14250031113625,-1.24623429775238,0.0
10.6626731818182,3.75577139854431,0.62787318229675,13.6715927124023,0.14250031113625,-1.24623429775238,0.0
10.6869156060606,3.75577139854431,0.62787318229675,13.6715927124023,0.14250031113625,-1.24623429775238,0.0
10.7097656666667,3.75577139854431,0.62787318229675,13.6715927124023,0.14250031113625,-1.24623429775238,0.0
10.7338646666667,3.75577139854431,0.62787318229675,13.6715927124023,0.14250031113625,-1.24623429775238,0.0
